/*
Navicat MySQL Data Transfer

Source Server         : localhost
Source Server Version : 60006
Source Host           : localhost:3306
Source Database       : hm

Target Server Type    : MYSQL
Target Server Version : 60006
File Encoding         : 65001

Date: 2011-12-30 11:45:17
*/

SET FOREIGN_KEY_CHECKS=0;
-- ----------------------------
-- Table structure for `hm_car`
-- ----------------------------
DROP TABLE IF EXISTS `hm_car`;
CREATE TABLE `hm_car` (
  `id` int(11) NOT NULL AUTO_INCREMENT,
  `name` varchar(255) CHARACTER SET cp1251 NOT NULL DEFAULT '',
  `fuel_id` int(11) NOT NULL,
  PRIMARY KEY (`id`)
) ENGINE=InnoDB DEFAULT CHARSET=utf8;

-- ----------------------------
-- Records of hm_car
-- ----------------------------

-- ----------------------------
-- Table structure for `hm_driver`
-- ----------------------------
DROP TABLE IF EXISTS `hm_driver`;
CREATE TABLE `hm_driver` (
  `id` int(11) NOT NULL AUTO_INCREMENT,
  `name` varchar(255) CHARACTER SET cp1251 DEFAULT '',
  PRIMARY KEY (`id`)
) ENGINE=InnoDB DEFAULT CHARSET=utf8;

-- ----------------------------
-- Records of hm_driver
-- ----------------------------

-- ----------------------------
-- Table structure for `hm_edge`
-- ----------------------------
DROP TABLE IF EXISTS `hm_edge`;
CREATE TABLE `hm_edge` (
  `id` int(11) NOT NULL AUTO_INCREMENT,
  `street_id` int(11) NOT NULL DEFAULT '0',
  `start_id` int(11) NOT NULL,
  `end_id` int(11) NOT NULL,
  `surface_id` int(11) NOT NULL DEFAULT '0',
  `policeman` binary(255) NOT NULL DEFAULT '0\0\0\0\0\0\0\0\0\0\0\0\0\0\0\0\0\0\0\0\0\0\0\0\0\0\0\0\0\0\0\0\0\0\0\0\0\0\0\0\0\0\0\0\0\0\0\0\0\0\0\0\0\0\0\0\0\0\0\0\0\0\0\0\0\0\0\0\0\0\0\0\0\0\0\0\0\0\0\0\0\0\0\0\0\0\0\0\0\0\0\0\0\0\0\0\0\0\0\0\0\0\0\0\0\0\0\0\0\0\0\0\0\0\0\0\0\0\0\0\0\0\0\0\0\0\0\0\0\0\0\0\0\0\0\0\0\0\0\0\0\0\0\0\0\0\0\0\0\0\0\0\0\0\0\0\0\0\0\0\0\0\0\0\0\0\0\0\0\0\0\0\0\0\0\0\0\0\0\0\0\0\0\0\0\0\0\0\0\0\0\0\0\0\0\0\0\0\0\0\0\0\0\0\0\0\0\0\0\0\0\0\0\0\0\0\0\0\0\0\0\0\0\0\0\0\0\0\0\0\0\0\0\0\0\0\0\0\0\0\0\0\0\0\0\0\0\0\0\0\0\0\0\0\0',
  `map_id` int(11) NOT NULL,
  PRIMARY KEY (`id`,`map_id`)
) ENGINE=InnoDB AUTO_INCREMENT=88 DEFAULT CHARSET=utf8;

-- ----------------------------
-- Records of hm_edge
-- ----------------------------
INSERT INTO `hm_edge` VALUES ('1', '0', '5', '4', '0', 0x300000000000000000000000000000000000000000000000000000000000000000000000000000000000000000000000000000000000000000000000000000000000000000000000000000000000000000000000000000000000000000000000000000000000000000000000000000000000000000000000000000000000000000000000000000000000000000000000000000000000000000000000000000000000000000000000000000000000000000000000000000000000000000000000000000000000000000000000000000000000000000000000000000000000000000000000000000000000000000000000000000000000000000000000000000, '0');
INSERT INTO `hm_edge` VALUES ('2', '0', '5', '9', '0', 0x300000000000000000000000000000000000000000000000000000000000000000000000000000000000000000000000000000000000000000000000000000000000000000000000000000000000000000000000000000000000000000000000000000000000000000000000000000000000000000000000000000000000000000000000000000000000000000000000000000000000000000000000000000000000000000000000000000000000000000000000000000000000000000000000000000000000000000000000000000000000000000000000000000000000000000000000000000000000000000000000000000000000000000000000000000, '0');
INSERT INTO `hm_edge` VALUES ('3', '0', '9', '8', '0', 0x300000000000000000000000000000000000000000000000000000000000000000000000000000000000000000000000000000000000000000000000000000000000000000000000000000000000000000000000000000000000000000000000000000000000000000000000000000000000000000000000000000000000000000000000000000000000000000000000000000000000000000000000000000000000000000000000000000000000000000000000000000000000000000000000000000000000000000000000000000000000000000000000000000000000000000000000000000000000000000000000000000000000000000000000000000, '0');
INSERT INTO `hm_edge` VALUES ('4', '0', '4', '5', '0', 0x300000000000000000000000000000000000000000000000000000000000000000000000000000000000000000000000000000000000000000000000000000000000000000000000000000000000000000000000000000000000000000000000000000000000000000000000000000000000000000000000000000000000000000000000000000000000000000000000000000000000000000000000000000000000000000000000000000000000000000000000000000000000000000000000000000000000000000000000000000000000000000000000000000000000000000000000000000000000000000000000000000000000000000000000000000, '0');
INSERT INTO `hm_edge` VALUES ('6', '0', '4', '7', '0', 0x300000000000000000000000000000000000000000000000000000000000000000000000000000000000000000000000000000000000000000000000000000000000000000000000000000000000000000000000000000000000000000000000000000000000000000000000000000000000000000000000000000000000000000000000000000000000000000000000000000000000000000000000000000000000000000000000000000000000000000000000000000000000000000000000000000000000000000000000000000000000000000000000000000000000000000000000000000000000000000000000000000000000000000000000000000, '0');
INSERT INTO `hm_edge` VALUES ('7', '0', '7', '4', '0', 0x300000000000000000000000000000000000000000000000000000000000000000000000000000000000000000000000000000000000000000000000000000000000000000000000000000000000000000000000000000000000000000000000000000000000000000000000000000000000000000000000000000000000000000000000000000000000000000000000000000000000000000000000000000000000000000000000000000000000000000000000000000000000000000000000000000000000000000000000000000000000000000000000000000000000000000000000000000000000000000000000000000000000000000000000000000, '0');
INSERT INTO `hm_edge` VALUES ('8', '0', '7', '6', '0', 0x300000000000000000000000000000000000000000000000000000000000000000000000000000000000000000000000000000000000000000000000000000000000000000000000000000000000000000000000000000000000000000000000000000000000000000000000000000000000000000000000000000000000000000000000000000000000000000000000000000000000000000000000000000000000000000000000000000000000000000000000000000000000000000000000000000000000000000000000000000000000000000000000000000000000000000000000000000000000000000000000000000000000000000000000000000, '0');
INSERT INTO `hm_edge` VALUES ('9', '0', '6', '7', '0', 0x300000000000000000000000000000000000000000000000000000000000000000000000000000000000000000000000000000000000000000000000000000000000000000000000000000000000000000000000000000000000000000000000000000000000000000000000000000000000000000000000000000000000000000000000000000000000000000000000000000000000000000000000000000000000000000000000000000000000000000000000000000000000000000000000000000000000000000000000000000000000000000000000000000000000000000000000000000000000000000000000000000000000000000000000000000, '0');
INSERT INTO `hm_edge` VALUES ('10', '0', '6', '8', '0', 0x300000000000000000000000000000000000000000000000000000000000000000000000000000000000000000000000000000000000000000000000000000000000000000000000000000000000000000000000000000000000000000000000000000000000000000000000000000000000000000000000000000000000000000000000000000000000000000000000000000000000000000000000000000000000000000000000000000000000000000000000000000000000000000000000000000000000000000000000000000000000000000000000000000000000000000000000000000000000000000000000000000000000000000000000000000, '0');
INSERT INTO `hm_edge` VALUES ('11', '0', '8', '6', '0', 0x300000000000000000000000000000000000000000000000000000000000000000000000000000000000000000000000000000000000000000000000000000000000000000000000000000000000000000000000000000000000000000000000000000000000000000000000000000000000000000000000000000000000000000000000000000000000000000000000000000000000000000000000000000000000000000000000000000000000000000000000000000000000000000000000000000000000000000000000000000000000000000000000000000000000000000000000000000000000000000000000000000000000000000000000000000, '0');
INSERT INTO `hm_edge` VALUES ('12', '0', '8', '9', '0', 0x300000000000000000000000000000000000000000000000000000000000000000000000000000000000000000000000000000000000000000000000000000000000000000000000000000000000000000000000000000000000000000000000000000000000000000000000000000000000000000000000000000000000000000000000000000000000000000000000000000000000000000000000000000000000000000000000000000000000000000000000000000000000000000000000000000000000000000000000000000000000000000000000000000000000000000000000000000000000000000000000000000000000000000000000000000, '0');
INSERT INTO `hm_edge` VALUES ('13', '0', '9', '5', '0', 0x300000000000000000000000000000000000000000000000000000000000000000000000000000000000000000000000000000000000000000000000000000000000000000000000000000000000000000000000000000000000000000000000000000000000000000000000000000000000000000000000000000000000000000000000000000000000000000000000000000000000000000000000000000000000000000000000000000000000000000000000000000000000000000000000000000000000000000000000000000000000000000000000000000000000000000000000000000000000000000000000000000000000000000000000000000, '0');
INSERT INTO `hm_edge` VALUES ('14', '0', '15', '16', '0', 0x300000000000000000000000000000000000000000000000000000000000000000000000000000000000000000000000000000000000000000000000000000000000000000000000000000000000000000000000000000000000000000000000000000000000000000000000000000000000000000000000000000000000000000000000000000000000000000000000000000000000000000000000000000000000000000000000000000000000000000000000000000000000000000000000000000000000000000000000000000000000000000000000000000000000000000000000000000000000000000000000000000000000000000000000000000, '1');
INSERT INTO `hm_edge` VALUES ('15', '0', '16', '17', '0', 0x300000000000000000000000000000000000000000000000000000000000000000000000000000000000000000000000000000000000000000000000000000000000000000000000000000000000000000000000000000000000000000000000000000000000000000000000000000000000000000000000000000000000000000000000000000000000000000000000000000000000000000000000000000000000000000000000000000000000000000000000000000000000000000000000000000000000000000000000000000000000000000000000000000000000000000000000000000000000000000000000000000000000000000000000000000, '1');
INSERT INTO `hm_edge` VALUES ('16', '0', '17', '34', '0', 0x300000000000000000000000000000000000000000000000000000000000000000000000000000000000000000000000000000000000000000000000000000000000000000000000000000000000000000000000000000000000000000000000000000000000000000000000000000000000000000000000000000000000000000000000000000000000000000000000000000000000000000000000000000000000000000000000000000000000000000000000000000000000000000000000000000000000000000000000000000000000000000000000000000000000000000000000000000000000000000000000000000000000000000000000000000, '1');
INSERT INTO `hm_edge` VALUES ('17', '0', '34', '14', '0', 0x300000000000000000000000000000000000000000000000000000000000000000000000000000000000000000000000000000000000000000000000000000000000000000000000000000000000000000000000000000000000000000000000000000000000000000000000000000000000000000000000000000000000000000000000000000000000000000000000000000000000000000000000000000000000000000000000000000000000000000000000000000000000000000000000000000000000000000000000000000000000000000000000000000000000000000000000000000000000000000000000000000000000000000000000000000, '1');
INSERT INTO `hm_edge` VALUES ('18', '0', '14', '18', '0', 0x300000000000000000000000000000000000000000000000000000000000000000000000000000000000000000000000000000000000000000000000000000000000000000000000000000000000000000000000000000000000000000000000000000000000000000000000000000000000000000000000000000000000000000000000000000000000000000000000000000000000000000000000000000000000000000000000000000000000000000000000000000000000000000000000000000000000000000000000000000000000000000000000000000000000000000000000000000000000000000000000000000000000000000000000000000, '1');
INSERT INTO `hm_edge` VALUES ('19', '0', '18', '19', '0', 0x300000000000000000000000000000000000000000000000000000000000000000000000000000000000000000000000000000000000000000000000000000000000000000000000000000000000000000000000000000000000000000000000000000000000000000000000000000000000000000000000000000000000000000000000000000000000000000000000000000000000000000000000000000000000000000000000000000000000000000000000000000000000000000000000000000000000000000000000000000000000000000000000000000000000000000000000000000000000000000000000000000000000000000000000000000, '1');
INSERT INTO `hm_edge` VALUES ('20', '0', '19', '20', '0', 0x300000000000000000000000000000000000000000000000000000000000000000000000000000000000000000000000000000000000000000000000000000000000000000000000000000000000000000000000000000000000000000000000000000000000000000000000000000000000000000000000000000000000000000000000000000000000000000000000000000000000000000000000000000000000000000000000000000000000000000000000000000000000000000000000000000000000000000000000000000000000000000000000000000000000000000000000000000000000000000000000000000000000000000000000000000, '1');
INSERT INTO `hm_edge` VALUES ('21', '0', '20', '21', '0', 0x300000000000000000000000000000000000000000000000000000000000000000000000000000000000000000000000000000000000000000000000000000000000000000000000000000000000000000000000000000000000000000000000000000000000000000000000000000000000000000000000000000000000000000000000000000000000000000000000000000000000000000000000000000000000000000000000000000000000000000000000000000000000000000000000000000000000000000000000000000000000000000000000000000000000000000000000000000000000000000000000000000000000000000000000000000, '1');
INSERT INTO `hm_edge` VALUES ('22', '0', '21', '22', '0', 0x300000000000000000000000000000000000000000000000000000000000000000000000000000000000000000000000000000000000000000000000000000000000000000000000000000000000000000000000000000000000000000000000000000000000000000000000000000000000000000000000000000000000000000000000000000000000000000000000000000000000000000000000000000000000000000000000000000000000000000000000000000000000000000000000000000000000000000000000000000000000000000000000000000000000000000000000000000000000000000000000000000000000000000000000000000, '1');
INSERT INTO `hm_edge` VALUES ('23', '0', '22', '23', '0', 0x300000000000000000000000000000000000000000000000000000000000000000000000000000000000000000000000000000000000000000000000000000000000000000000000000000000000000000000000000000000000000000000000000000000000000000000000000000000000000000000000000000000000000000000000000000000000000000000000000000000000000000000000000000000000000000000000000000000000000000000000000000000000000000000000000000000000000000000000000000000000000000000000000000000000000000000000000000000000000000000000000000000000000000000000000000, '1');
INSERT INTO `hm_edge` VALUES ('24', '0', '23', '24', '0', 0x300000000000000000000000000000000000000000000000000000000000000000000000000000000000000000000000000000000000000000000000000000000000000000000000000000000000000000000000000000000000000000000000000000000000000000000000000000000000000000000000000000000000000000000000000000000000000000000000000000000000000000000000000000000000000000000000000000000000000000000000000000000000000000000000000000000000000000000000000000000000000000000000000000000000000000000000000000000000000000000000000000000000000000000000000000, '1');
INSERT INTO `hm_edge` VALUES ('25', '0', '24', '25', '0', 0x300000000000000000000000000000000000000000000000000000000000000000000000000000000000000000000000000000000000000000000000000000000000000000000000000000000000000000000000000000000000000000000000000000000000000000000000000000000000000000000000000000000000000000000000000000000000000000000000000000000000000000000000000000000000000000000000000000000000000000000000000000000000000000000000000000000000000000000000000000000000000000000000000000000000000000000000000000000000000000000000000000000000000000000000000000, '1');
INSERT INTO `hm_edge` VALUES ('26', '0', '25', '26', '0', 0x300000000000000000000000000000000000000000000000000000000000000000000000000000000000000000000000000000000000000000000000000000000000000000000000000000000000000000000000000000000000000000000000000000000000000000000000000000000000000000000000000000000000000000000000000000000000000000000000000000000000000000000000000000000000000000000000000000000000000000000000000000000000000000000000000000000000000000000000000000000000000000000000000000000000000000000000000000000000000000000000000000000000000000000000000000, '1');
INSERT INTO `hm_edge` VALUES ('27', '0', '26', '27', '0', 0x300000000000000000000000000000000000000000000000000000000000000000000000000000000000000000000000000000000000000000000000000000000000000000000000000000000000000000000000000000000000000000000000000000000000000000000000000000000000000000000000000000000000000000000000000000000000000000000000000000000000000000000000000000000000000000000000000000000000000000000000000000000000000000000000000000000000000000000000000000000000000000000000000000000000000000000000000000000000000000000000000000000000000000000000000000, '1');
INSERT INTO `hm_edge` VALUES ('28', '0', '27', '28', '0', 0x300000000000000000000000000000000000000000000000000000000000000000000000000000000000000000000000000000000000000000000000000000000000000000000000000000000000000000000000000000000000000000000000000000000000000000000000000000000000000000000000000000000000000000000000000000000000000000000000000000000000000000000000000000000000000000000000000000000000000000000000000000000000000000000000000000000000000000000000000000000000000000000000000000000000000000000000000000000000000000000000000000000000000000000000000000, '1');
INSERT INTO `hm_edge` VALUES ('29', '0', '28', '29', '0', 0x300000000000000000000000000000000000000000000000000000000000000000000000000000000000000000000000000000000000000000000000000000000000000000000000000000000000000000000000000000000000000000000000000000000000000000000000000000000000000000000000000000000000000000000000000000000000000000000000000000000000000000000000000000000000000000000000000000000000000000000000000000000000000000000000000000000000000000000000000000000000000000000000000000000000000000000000000000000000000000000000000000000000000000000000000000, '1');
INSERT INTO `hm_edge` VALUES ('30', '0', '29', '32', '0', 0x300000000000000000000000000000000000000000000000000000000000000000000000000000000000000000000000000000000000000000000000000000000000000000000000000000000000000000000000000000000000000000000000000000000000000000000000000000000000000000000000000000000000000000000000000000000000000000000000000000000000000000000000000000000000000000000000000000000000000000000000000000000000000000000000000000000000000000000000000000000000000000000000000000000000000000000000000000000000000000000000000000000000000000000000000000, '1');
INSERT INTO `hm_edge` VALUES ('31', '0', '32', '30', '0', 0x300000000000000000000000000000000000000000000000000000000000000000000000000000000000000000000000000000000000000000000000000000000000000000000000000000000000000000000000000000000000000000000000000000000000000000000000000000000000000000000000000000000000000000000000000000000000000000000000000000000000000000000000000000000000000000000000000000000000000000000000000000000000000000000000000000000000000000000000000000000000000000000000000000000000000000000000000000000000000000000000000000000000000000000000000000, '1');
INSERT INTO `hm_edge` VALUES ('32', '0', '30', '33', '0', 0x300000000000000000000000000000000000000000000000000000000000000000000000000000000000000000000000000000000000000000000000000000000000000000000000000000000000000000000000000000000000000000000000000000000000000000000000000000000000000000000000000000000000000000000000000000000000000000000000000000000000000000000000000000000000000000000000000000000000000000000000000000000000000000000000000000000000000000000000000000000000000000000000000000000000000000000000000000000000000000000000000000000000000000000000000000, '1');
INSERT INTO `hm_edge` VALUES ('33', '0', '33', '31', '0', 0x300000000000000000000000000000000000000000000000000000000000000000000000000000000000000000000000000000000000000000000000000000000000000000000000000000000000000000000000000000000000000000000000000000000000000000000000000000000000000000000000000000000000000000000000000000000000000000000000000000000000000000000000000000000000000000000000000000000000000000000000000000000000000000000000000000000000000000000000000000000000000000000000000000000000000000000000000000000000000000000000000000000000000000000000000000, '1');
INSERT INTO `hm_edge` VALUES ('34', '0', '31', '33', '0', 0x300000000000000000000000000000000000000000000000000000000000000000000000000000000000000000000000000000000000000000000000000000000000000000000000000000000000000000000000000000000000000000000000000000000000000000000000000000000000000000000000000000000000000000000000000000000000000000000000000000000000000000000000000000000000000000000000000000000000000000000000000000000000000000000000000000000000000000000000000000000000000000000000000000000000000000000000000000000000000000000000000000000000000000000000000000, '1');
INSERT INTO `hm_edge` VALUES ('35', '0', '33', '30', '0', 0x300000000000000000000000000000000000000000000000000000000000000000000000000000000000000000000000000000000000000000000000000000000000000000000000000000000000000000000000000000000000000000000000000000000000000000000000000000000000000000000000000000000000000000000000000000000000000000000000000000000000000000000000000000000000000000000000000000000000000000000000000000000000000000000000000000000000000000000000000000000000000000000000000000000000000000000000000000000000000000000000000000000000000000000000000000, '1');
INSERT INTO `hm_edge` VALUES ('36', '0', '30', '32', '0', 0x300000000000000000000000000000000000000000000000000000000000000000000000000000000000000000000000000000000000000000000000000000000000000000000000000000000000000000000000000000000000000000000000000000000000000000000000000000000000000000000000000000000000000000000000000000000000000000000000000000000000000000000000000000000000000000000000000000000000000000000000000000000000000000000000000000000000000000000000000000000000000000000000000000000000000000000000000000000000000000000000000000000000000000000000000000, '1');
INSERT INTO `hm_edge` VALUES ('37', '0', '32', '29', '0', 0x300000000000000000000000000000000000000000000000000000000000000000000000000000000000000000000000000000000000000000000000000000000000000000000000000000000000000000000000000000000000000000000000000000000000000000000000000000000000000000000000000000000000000000000000000000000000000000000000000000000000000000000000000000000000000000000000000000000000000000000000000000000000000000000000000000000000000000000000000000000000000000000000000000000000000000000000000000000000000000000000000000000000000000000000000000, '1');
INSERT INTO `hm_edge` VALUES ('38', '0', '29', '28', '0', 0x300000000000000000000000000000000000000000000000000000000000000000000000000000000000000000000000000000000000000000000000000000000000000000000000000000000000000000000000000000000000000000000000000000000000000000000000000000000000000000000000000000000000000000000000000000000000000000000000000000000000000000000000000000000000000000000000000000000000000000000000000000000000000000000000000000000000000000000000000000000000000000000000000000000000000000000000000000000000000000000000000000000000000000000000000000, '1');
INSERT INTO `hm_edge` VALUES ('39', '0', '28', '27', '0', 0x300000000000000000000000000000000000000000000000000000000000000000000000000000000000000000000000000000000000000000000000000000000000000000000000000000000000000000000000000000000000000000000000000000000000000000000000000000000000000000000000000000000000000000000000000000000000000000000000000000000000000000000000000000000000000000000000000000000000000000000000000000000000000000000000000000000000000000000000000000000000000000000000000000000000000000000000000000000000000000000000000000000000000000000000000000, '1');
INSERT INTO `hm_edge` VALUES ('40', '0', '27', '26', '0', 0x300000000000000000000000000000000000000000000000000000000000000000000000000000000000000000000000000000000000000000000000000000000000000000000000000000000000000000000000000000000000000000000000000000000000000000000000000000000000000000000000000000000000000000000000000000000000000000000000000000000000000000000000000000000000000000000000000000000000000000000000000000000000000000000000000000000000000000000000000000000000000000000000000000000000000000000000000000000000000000000000000000000000000000000000000000, '1');
INSERT INTO `hm_edge` VALUES ('41', '0', '26', '25', '0', 0x300000000000000000000000000000000000000000000000000000000000000000000000000000000000000000000000000000000000000000000000000000000000000000000000000000000000000000000000000000000000000000000000000000000000000000000000000000000000000000000000000000000000000000000000000000000000000000000000000000000000000000000000000000000000000000000000000000000000000000000000000000000000000000000000000000000000000000000000000000000000000000000000000000000000000000000000000000000000000000000000000000000000000000000000000000, '1');
INSERT INTO `hm_edge` VALUES ('42', '0', '25', '24', '0', 0x300000000000000000000000000000000000000000000000000000000000000000000000000000000000000000000000000000000000000000000000000000000000000000000000000000000000000000000000000000000000000000000000000000000000000000000000000000000000000000000000000000000000000000000000000000000000000000000000000000000000000000000000000000000000000000000000000000000000000000000000000000000000000000000000000000000000000000000000000000000000000000000000000000000000000000000000000000000000000000000000000000000000000000000000000000, '1');
INSERT INTO `hm_edge` VALUES ('43', '0', '24', '23', '0', 0x300000000000000000000000000000000000000000000000000000000000000000000000000000000000000000000000000000000000000000000000000000000000000000000000000000000000000000000000000000000000000000000000000000000000000000000000000000000000000000000000000000000000000000000000000000000000000000000000000000000000000000000000000000000000000000000000000000000000000000000000000000000000000000000000000000000000000000000000000000000000000000000000000000000000000000000000000000000000000000000000000000000000000000000000000000, '1');
INSERT INTO `hm_edge` VALUES ('44', '0', '23', '22', '0', 0x300000000000000000000000000000000000000000000000000000000000000000000000000000000000000000000000000000000000000000000000000000000000000000000000000000000000000000000000000000000000000000000000000000000000000000000000000000000000000000000000000000000000000000000000000000000000000000000000000000000000000000000000000000000000000000000000000000000000000000000000000000000000000000000000000000000000000000000000000000000000000000000000000000000000000000000000000000000000000000000000000000000000000000000000000000, '1');
INSERT INTO `hm_edge` VALUES ('45', '0', '22', '21', '0', 0x300000000000000000000000000000000000000000000000000000000000000000000000000000000000000000000000000000000000000000000000000000000000000000000000000000000000000000000000000000000000000000000000000000000000000000000000000000000000000000000000000000000000000000000000000000000000000000000000000000000000000000000000000000000000000000000000000000000000000000000000000000000000000000000000000000000000000000000000000000000000000000000000000000000000000000000000000000000000000000000000000000000000000000000000000000, '1');
INSERT INTO `hm_edge` VALUES ('46', '0', '21', '20', '0', 0x300000000000000000000000000000000000000000000000000000000000000000000000000000000000000000000000000000000000000000000000000000000000000000000000000000000000000000000000000000000000000000000000000000000000000000000000000000000000000000000000000000000000000000000000000000000000000000000000000000000000000000000000000000000000000000000000000000000000000000000000000000000000000000000000000000000000000000000000000000000000000000000000000000000000000000000000000000000000000000000000000000000000000000000000000000, '1');
INSERT INTO `hm_edge` VALUES ('47', '0', '20', '19', '0', 0x300000000000000000000000000000000000000000000000000000000000000000000000000000000000000000000000000000000000000000000000000000000000000000000000000000000000000000000000000000000000000000000000000000000000000000000000000000000000000000000000000000000000000000000000000000000000000000000000000000000000000000000000000000000000000000000000000000000000000000000000000000000000000000000000000000000000000000000000000000000000000000000000000000000000000000000000000000000000000000000000000000000000000000000000000000, '1');
INSERT INTO `hm_edge` VALUES ('48', '0', '19', '18', '0', 0x300000000000000000000000000000000000000000000000000000000000000000000000000000000000000000000000000000000000000000000000000000000000000000000000000000000000000000000000000000000000000000000000000000000000000000000000000000000000000000000000000000000000000000000000000000000000000000000000000000000000000000000000000000000000000000000000000000000000000000000000000000000000000000000000000000000000000000000000000000000000000000000000000000000000000000000000000000000000000000000000000000000000000000000000000000, '1');
INSERT INTO `hm_edge` VALUES ('49', '0', '18', '14', '0', 0x300000000000000000000000000000000000000000000000000000000000000000000000000000000000000000000000000000000000000000000000000000000000000000000000000000000000000000000000000000000000000000000000000000000000000000000000000000000000000000000000000000000000000000000000000000000000000000000000000000000000000000000000000000000000000000000000000000000000000000000000000000000000000000000000000000000000000000000000000000000000000000000000000000000000000000000000000000000000000000000000000000000000000000000000000000, '1');
INSERT INTO `hm_edge` VALUES ('50', '0', '14', '34', '0', 0x300000000000000000000000000000000000000000000000000000000000000000000000000000000000000000000000000000000000000000000000000000000000000000000000000000000000000000000000000000000000000000000000000000000000000000000000000000000000000000000000000000000000000000000000000000000000000000000000000000000000000000000000000000000000000000000000000000000000000000000000000000000000000000000000000000000000000000000000000000000000000000000000000000000000000000000000000000000000000000000000000000000000000000000000000000, '1');
INSERT INTO `hm_edge` VALUES ('51', '0', '34', '17', '0', 0x300000000000000000000000000000000000000000000000000000000000000000000000000000000000000000000000000000000000000000000000000000000000000000000000000000000000000000000000000000000000000000000000000000000000000000000000000000000000000000000000000000000000000000000000000000000000000000000000000000000000000000000000000000000000000000000000000000000000000000000000000000000000000000000000000000000000000000000000000000000000000000000000000000000000000000000000000000000000000000000000000000000000000000000000000000, '1');
INSERT INTO `hm_edge` VALUES ('52', '0', '17', '16', '0', 0x300000000000000000000000000000000000000000000000000000000000000000000000000000000000000000000000000000000000000000000000000000000000000000000000000000000000000000000000000000000000000000000000000000000000000000000000000000000000000000000000000000000000000000000000000000000000000000000000000000000000000000000000000000000000000000000000000000000000000000000000000000000000000000000000000000000000000000000000000000000000000000000000000000000000000000000000000000000000000000000000000000000000000000000000000000, '1');
INSERT INTO `hm_edge` VALUES ('53', '0', '16', '15', '0', 0x300000000000000000000000000000000000000000000000000000000000000000000000000000000000000000000000000000000000000000000000000000000000000000000000000000000000000000000000000000000000000000000000000000000000000000000000000000000000000000000000000000000000000000000000000000000000000000000000000000000000000000000000000000000000000000000000000000000000000000000000000000000000000000000000000000000000000000000000000000000000000000000000000000000000000000000000000000000000000000000000000000000000000000000000000000, '1');
INSERT INTO `hm_edge` VALUES ('54', '0', '58', '59', '0', 0x300000000000000000000000000000000000000000000000000000000000000000000000000000000000000000000000000000000000000000000000000000000000000000000000000000000000000000000000000000000000000000000000000000000000000000000000000000000000000000000000000000000000000000000000000000000000000000000000000000000000000000000000000000000000000000000000000000000000000000000000000000000000000000000000000000000000000000000000000000000000000000000000000000000000000000000000000000000000000000000000000000000000000000000000000000, '0');
INSERT INTO `hm_edge` VALUES ('55', '0', '59', '58', '0', 0x300000000000000000000000000000000000000000000000000000000000000000000000000000000000000000000000000000000000000000000000000000000000000000000000000000000000000000000000000000000000000000000000000000000000000000000000000000000000000000000000000000000000000000000000000000000000000000000000000000000000000000000000000000000000000000000000000000000000000000000000000000000000000000000000000000000000000000000000000000000000000000000000000000000000000000000000000000000000000000000000000000000000000000000000000000, '0');
INSERT INTO `hm_edge` VALUES ('56', '0', '59', '7', '0', 0x300000000000000000000000000000000000000000000000000000000000000000000000000000000000000000000000000000000000000000000000000000000000000000000000000000000000000000000000000000000000000000000000000000000000000000000000000000000000000000000000000000000000000000000000000000000000000000000000000000000000000000000000000000000000000000000000000000000000000000000000000000000000000000000000000000000000000000000000000000000000000000000000000000000000000000000000000000000000000000000000000000000000000000000000000000, '0');
INSERT INTO `hm_edge` VALUES ('57', '0', '7', '59', '0', 0x300000000000000000000000000000000000000000000000000000000000000000000000000000000000000000000000000000000000000000000000000000000000000000000000000000000000000000000000000000000000000000000000000000000000000000000000000000000000000000000000000000000000000000000000000000000000000000000000000000000000000000000000000000000000000000000000000000000000000000000000000000000000000000000000000000000000000000000000000000000000000000000000000000000000000000000000000000000000000000000000000000000000000000000000000000, '0');
INSERT INTO `hm_edge` VALUES ('58', '0', '4', '62', '0', 0x300000000000000000000000000000000000000000000000000000000000000000000000000000000000000000000000000000000000000000000000000000000000000000000000000000000000000000000000000000000000000000000000000000000000000000000000000000000000000000000000000000000000000000000000000000000000000000000000000000000000000000000000000000000000000000000000000000000000000000000000000000000000000000000000000000000000000000000000000000000000000000000000000000000000000000000000000000000000000000000000000000000000000000000000000000, '0');
INSERT INTO `hm_edge` VALUES ('59', '0', '62', '4', '0', 0x300000000000000000000000000000000000000000000000000000000000000000000000000000000000000000000000000000000000000000000000000000000000000000000000000000000000000000000000000000000000000000000000000000000000000000000000000000000000000000000000000000000000000000000000000000000000000000000000000000000000000000000000000000000000000000000000000000000000000000000000000000000000000000000000000000000000000000000000000000000000000000000000000000000000000000000000000000000000000000000000000000000000000000000000000000, '0');
INSERT INTO `hm_edge` VALUES ('60', '0', '62', '64', '0', 0x300000000000000000000000000000000000000000000000000000000000000000000000000000000000000000000000000000000000000000000000000000000000000000000000000000000000000000000000000000000000000000000000000000000000000000000000000000000000000000000000000000000000000000000000000000000000000000000000000000000000000000000000000000000000000000000000000000000000000000000000000000000000000000000000000000000000000000000000000000000000000000000000000000000000000000000000000000000000000000000000000000000000000000000000000000, '0');
INSERT INTO `hm_edge` VALUES ('61', '0', '64', '62', '0', 0x300000000000000000000000000000000000000000000000000000000000000000000000000000000000000000000000000000000000000000000000000000000000000000000000000000000000000000000000000000000000000000000000000000000000000000000000000000000000000000000000000000000000000000000000000000000000000000000000000000000000000000000000000000000000000000000000000000000000000000000000000000000000000000000000000000000000000000000000000000000000000000000000000000000000000000000000000000000000000000000000000000000000000000000000000000, '0');
INSERT INTO `hm_edge` VALUES ('62', '0', '64', '63', '0', 0x300000000000000000000000000000000000000000000000000000000000000000000000000000000000000000000000000000000000000000000000000000000000000000000000000000000000000000000000000000000000000000000000000000000000000000000000000000000000000000000000000000000000000000000000000000000000000000000000000000000000000000000000000000000000000000000000000000000000000000000000000000000000000000000000000000000000000000000000000000000000000000000000000000000000000000000000000000000000000000000000000000000000000000000000000000, '0');
INSERT INTO `hm_edge` VALUES ('63', '0', '63', '64', '0', 0x300000000000000000000000000000000000000000000000000000000000000000000000000000000000000000000000000000000000000000000000000000000000000000000000000000000000000000000000000000000000000000000000000000000000000000000000000000000000000000000000000000000000000000000000000000000000000000000000000000000000000000000000000000000000000000000000000000000000000000000000000000000000000000000000000000000000000000000000000000000000000000000000000000000000000000000000000000000000000000000000000000000000000000000000000000, '0');
INSERT INTO `hm_edge` VALUES ('64', '0', '63', '65', '0', 0x300000000000000000000000000000000000000000000000000000000000000000000000000000000000000000000000000000000000000000000000000000000000000000000000000000000000000000000000000000000000000000000000000000000000000000000000000000000000000000000000000000000000000000000000000000000000000000000000000000000000000000000000000000000000000000000000000000000000000000000000000000000000000000000000000000000000000000000000000000000000000000000000000000000000000000000000000000000000000000000000000000000000000000000000000000, '0');
INSERT INTO `hm_edge` VALUES ('65', '0', '65', '63', '0', 0x300000000000000000000000000000000000000000000000000000000000000000000000000000000000000000000000000000000000000000000000000000000000000000000000000000000000000000000000000000000000000000000000000000000000000000000000000000000000000000000000000000000000000000000000000000000000000000000000000000000000000000000000000000000000000000000000000000000000000000000000000000000000000000000000000000000000000000000000000000000000000000000000000000000000000000000000000000000000000000000000000000000000000000000000000000, '0');
INSERT INTO `hm_edge` VALUES ('66', '0', '65', '66', '0', 0x300000000000000000000000000000000000000000000000000000000000000000000000000000000000000000000000000000000000000000000000000000000000000000000000000000000000000000000000000000000000000000000000000000000000000000000000000000000000000000000000000000000000000000000000000000000000000000000000000000000000000000000000000000000000000000000000000000000000000000000000000000000000000000000000000000000000000000000000000000000000000000000000000000000000000000000000000000000000000000000000000000000000000000000000000000, '0');
INSERT INTO `hm_edge` VALUES ('67', '0', '66', '65', '0', 0x300000000000000000000000000000000000000000000000000000000000000000000000000000000000000000000000000000000000000000000000000000000000000000000000000000000000000000000000000000000000000000000000000000000000000000000000000000000000000000000000000000000000000000000000000000000000000000000000000000000000000000000000000000000000000000000000000000000000000000000000000000000000000000000000000000000000000000000000000000000000000000000000000000000000000000000000000000000000000000000000000000000000000000000000000000, '0');
INSERT INTO `hm_edge` VALUES ('68', '0', '66', '67', '0', 0x300000000000000000000000000000000000000000000000000000000000000000000000000000000000000000000000000000000000000000000000000000000000000000000000000000000000000000000000000000000000000000000000000000000000000000000000000000000000000000000000000000000000000000000000000000000000000000000000000000000000000000000000000000000000000000000000000000000000000000000000000000000000000000000000000000000000000000000000000000000000000000000000000000000000000000000000000000000000000000000000000000000000000000000000000000, '0');
INSERT INTO `hm_edge` VALUES ('69', '0', '67', '66', '0', 0x300000000000000000000000000000000000000000000000000000000000000000000000000000000000000000000000000000000000000000000000000000000000000000000000000000000000000000000000000000000000000000000000000000000000000000000000000000000000000000000000000000000000000000000000000000000000000000000000000000000000000000000000000000000000000000000000000000000000000000000000000000000000000000000000000000000000000000000000000000000000000000000000000000000000000000000000000000000000000000000000000000000000000000000000000000, '0');
INSERT INTO `hm_edge` VALUES ('70', '0', '67', '68', '0', 0x300000000000000000000000000000000000000000000000000000000000000000000000000000000000000000000000000000000000000000000000000000000000000000000000000000000000000000000000000000000000000000000000000000000000000000000000000000000000000000000000000000000000000000000000000000000000000000000000000000000000000000000000000000000000000000000000000000000000000000000000000000000000000000000000000000000000000000000000000000000000000000000000000000000000000000000000000000000000000000000000000000000000000000000000000000, '0');
INSERT INTO `hm_edge` VALUES ('71', '0', '68', '67', '0', 0x300000000000000000000000000000000000000000000000000000000000000000000000000000000000000000000000000000000000000000000000000000000000000000000000000000000000000000000000000000000000000000000000000000000000000000000000000000000000000000000000000000000000000000000000000000000000000000000000000000000000000000000000000000000000000000000000000000000000000000000000000000000000000000000000000000000000000000000000000000000000000000000000000000000000000000000000000000000000000000000000000000000000000000000000000000, '0');
INSERT INTO `hm_edge` VALUES ('72', '0', '68', '69', '0', 0x300000000000000000000000000000000000000000000000000000000000000000000000000000000000000000000000000000000000000000000000000000000000000000000000000000000000000000000000000000000000000000000000000000000000000000000000000000000000000000000000000000000000000000000000000000000000000000000000000000000000000000000000000000000000000000000000000000000000000000000000000000000000000000000000000000000000000000000000000000000000000000000000000000000000000000000000000000000000000000000000000000000000000000000000000000, '0');
INSERT INTO `hm_edge` VALUES ('73', '0', '69', '68', '0', 0x300000000000000000000000000000000000000000000000000000000000000000000000000000000000000000000000000000000000000000000000000000000000000000000000000000000000000000000000000000000000000000000000000000000000000000000000000000000000000000000000000000000000000000000000000000000000000000000000000000000000000000000000000000000000000000000000000000000000000000000000000000000000000000000000000000000000000000000000000000000000000000000000000000000000000000000000000000000000000000000000000000000000000000000000000000, '0');
INSERT INTO `hm_edge` VALUES ('74', '0', '69', '70', '0', 0x300000000000000000000000000000000000000000000000000000000000000000000000000000000000000000000000000000000000000000000000000000000000000000000000000000000000000000000000000000000000000000000000000000000000000000000000000000000000000000000000000000000000000000000000000000000000000000000000000000000000000000000000000000000000000000000000000000000000000000000000000000000000000000000000000000000000000000000000000000000000000000000000000000000000000000000000000000000000000000000000000000000000000000000000000000, '0');
INSERT INTO `hm_edge` VALUES ('75', '0', '70', '69', '0', 0x300000000000000000000000000000000000000000000000000000000000000000000000000000000000000000000000000000000000000000000000000000000000000000000000000000000000000000000000000000000000000000000000000000000000000000000000000000000000000000000000000000000000000000000000000000000000000000000000000000000000000000000000000000000000000000000000000000000000000000000000000000000000000000000000000000000000000000000000000000000000000000000000000000000000000000000000000000000000000000000000000000000000000000000000000000, '0');
INSERT INTO `hm_edge` VALUES ('76', '0', '70', '71', '0', 0x300000000000000000000000000000000000000000000000000000000000000000000000000000000000000000000000000000000000000000000000000000000000000000000000000000000000000000000000000000000000000000000000000000000000000000000000000000000000000000000000000000000000000000000000000000000000000000000000000000000000000000000000000000000000000000000000000000000000000000000000000000000000000000000000000000000000000000000000000000000000000000000000000000000000000000000000000000000000000000000000000000000000000000000000000000, '0');
INSERT INTO `hm_edge` VALUES ('77', '0', '71', '70', '0', 0x300000000000000000000000000000000000000000000000000000000000000000000000000000000000000000000000000000000000000000000000000000000000000000000000000000000000000000000000000000000000000000000000000000000000000000000000000000000000000000000000000000000000000000000000000000000000000000000000000000000000000000000000000000000000000000000000000000000000000000000000000000000000000000000000000000000000000000000000000000000000000000000000000000000000000000000000000000000000000000000000000000000000000000000000000000, '0');
INSERT INTO `hm_edge` VALUES ('78', '0', '71', '72', '0', 0x300000000000000000000000000000000000000000000000000000000000000000000000000000000000000000000000000000000000000000000000000000000000000000000000000000000000000000000000000000000000000000000000000000000000000000000000000000000000000000000000000000000000000000000000000000000000000000000000000000000000000000000000000000000000000000000000000000000000000000000000000000000000000000000000000000000000000000000000000000000000000000000000000000000000000000000000000000000000000000000000000000000000000000000000000000, '0');
INSERT INTO `hm_edge` VALUES ('79', '0', '72', '71', '0', 0x300000000000000000000000000000000000000000000000000000000000000000000000000000000000000000000000000000000000000000000000000000000000000000000000000000000000000000000000000000000000000000000000000000000000000000000000000000000000000000000000000000000000000000000000000000000000000000000000000000000000000000000000000000000000000000000000000000000000000000000000000000000000000000000000000000000000000000000000000000000000000000000000000000000000000000000000000000000000000000000000000000000000000000000000000000, '0');
INSERT INTO `hm_edge` VALUES ('80', '0', '72', '73', '0', 0x300000000000000000000000000000000000000000000000000000000000000000000000000000000000000000000000000000000000000000000000000000000000000000000000000000000000000000000000000000000000000000000000000000000000000000000000000000000000000000000000000000000000000000000000000000000000000000000000000000000000000000000000000000000000000000000000000000000000000000000000000000000000000000000000000000000000000000000000000000000000000000000000000000000000000000000000000000000000000000000000000000000000000000000000000000, '0');
INSERT INTO `hm_edge` VALUES ('81', '0', '73', '72', '0', 0x300000000000000000000000000000000000000000000000000000000000000000000000000000000000000000000000000000000000000000000000000000000000000000000000000000000000000000000000000000000000000000000000000000000000000000000000000000000000000000000000000000000000000000000000000000000000000000000000000000000000000000000000000000000000000000000000000000000000000000000000000000000000000000000000000000000000000000000000000000000000000000000000000000000000000000000000000000000000000000000000000000000000000000000000000000, '0');
INSERT INTO `hm_edge` VALUES ('82', '0', '73', '8', '0', 0x300000000000000000000000000000000000000000000000000000000000000000000000000000000000000000000000000000000000000000000000000000000000000000000000000000000000000000000000000000000000000000000000000000000000000000000000000000000000000000000000000000000000000000000000000000000000000000000000000000000000000000000000000000000000000000000000000000000000000000000000000000000000000000000000000000000000000000000000000000000000000000000000000000000000000000000000000000000000000000000000000000000000000000000000000000, '0');
INSERT INTO `hm_edge` VALUES ('83', '0', '8', '73', '0', 0x300000000000000000000000000000000000000000000000000000000000000000000000000000000000000000000000000000000000000000000000000000000000000000000000000000000000000000000000000000000000000000000000000000000000000000000000000000000000000000000000000000000000000000000000000000000000000000000000000000000000000000000000000000000000000000000000000000000000000000000000000000000000000000000000000000000000000000000000000000000000000000000000000000000000000000000000000000000000000000000000000000000000000000000000000000, '0');
INSERT INTO `hm_edge` VALUES ('84', '0', '6', '60', '0', 0x300000000000000000000000000000000000000000000000000000000000000000000000000000000000000000000000000000000000000000000000000000000000000000000000000000000000000000000000000000000000000000000000000000000000000000000000000000000000000000000000000000000000000000000000000000000000000000000000000000000000000000000000000000000000000000000000000000000000000000000000000000000000000000000000000000000000000000000000000000000000000000000000000000000000000000000000000000000000000000000000000000000000000000000000000000, '0');
INSERT INTO `hm_edge` VALUES ('85', '0', '60', '6', '0', 0x300000000000000000000000000000000000000000000000000000000000000000000000000000000000000000000000000000000000000000000000000000000000000000000000000000000000000000000000000000000000000000000000000000000000000000000000000000000000000000000000000000000000000000000000000000000000000000000000000000000000000000000000000000000000000000000000000000000000000000000000000000000000000000000000000000000000000000000000000000000000000000000000000000000000000000000000000000000000000000000000000000000000000000000000000000, '0');
INSERT INTO `hm_edge` VALUES ('86', '0', '60', '61', '0', 0x300000000000000000000000000000000000000000000000000000000000000000000000000000000000000000000000000000000000000000000000000000000000000000000000000000000000000000000000000000000000000000000000000000000000000000000000000000000000000000000000000000000000000000000000000000000000000000000000000000000000000000000000000000000000000000000000000000000000000000000000000000000000000000000000000000000000000000000000000000000000000000000000000000000000000000000000000000000000000000000000000000000000000000000000000000, '0');
INSERT INTO `hm_edge` VALUES ('87', '0', '61', '60', '0', 0x300000000000000000000000000000000000000000000000000000000000000000000000000000000000000000000000000000000000000000000000000000000000000000000000000000000000000000000000000000000000000000000000000000000000000000000000000000000000000000000000000000000000000000000000000000000000000000000000000000000000000000000000000000000000000000000000000000000000000000000000000000000000000000000000000000000000000000000000000000000000000000000000000000000000000000000000000000000000000000000000000000000000000000000000000000, '0');

-- ----------------------------
-- Table structure for `hm_fuel`
-- ----------------------------
DROP TABLE IF EXISTS `hm_fuel`;
CREATE TABLE `hm_fuel` (
  `id` int(11) NOT NULL AUTO_INCREMENT,
  `name` varchar(255) NOT NULL DEFAULT '',
  `price` double NOT NULL DEFAULT '0',
  PRIMARY KEY (`id`)
) ENGINE=InnoDB AUTO_INCREMENT=6 DEFAULT CHARSET=utf8;

-- ----------------------------
-- Records of hm_fuel
-- ----------------------------
INSERT INTO `hm_fuel` VALUES ('1', ' -92', '10');
INSERT INTO `hm_fuel` VALUES ('3', ' -98', '30');
INSERT INTO `hm_fuel` VALUES ('4', ' -95', '20.1');
INSERT INTO `hm_fuel` VALUES ('5', ' -99', '100.502');

-- ----------------------------
-- Table structure for `hm_maps`
-- ----------------------------
DROP TABLE IF EXISTS `hm_maps`;
CREATE TABLE `hm_maps` (
  `id` int(11) NOT NULL AUTO_INCREMENT,
  `name` varchar(255) NOT NULL,
  PRIMARY KEY (`id`)
) ENGINE=InnoDB AUTO_INCREMENT=3 DEFAULT CHARSET=utf8;

-- ----------------------------
-- Records of hm_maps
-- ----------------------------
INSERT INTO `hm_maps` VALUES ('0', ' 1');
INSERT INTO `hm_maps` VALUES ('1', ' 2');
INSERT INTO `hm_maps` VALUES ('2', ' 3');

-- ----------------------------
-- Table structure for `hm_node`
-- ----------------------------
DROP TABLE IF EXISTS `hm_node`;
CREATE TABLE `hm_node` (
  `id` int(11) NOT NULL AUTO_INCREMENT,
  `x` int(11) NOT NULL,
  `y` int(11) NOT NULL,
  `map_id` int(11) NOT NULL DEFAULT '0',
  `pol` binary(255) DEFAULT NULL,
  `red` double DEFAULT NULL,
  `green` double DEFAULT NULL,
  PRIMARY KEY (`id`,`map_id`)
) ENGINE=InnoDB AUTO_INCREMENT=74 DEFAULT CHARSET=utf8;

-- ----------------------------
-- Records of hm_node
-- ----------------------------
INSERT INTO `hm_node` VALUES ('4', '348', '148', '0', null, null, null);
INSERT INTO `hm_node` VALUES ('5', '208', '181', '0', null, null, null);
INSERT INTO `hm_node` VALUES ('6', '432', '374', '0', null, null, null);
INSERT INTO `hm_node` VALUES ('7', '462', '228', '0', null, null, null);
INSERT INTO `hm_node` VALUES ('8', '289', '409', '0', null, null, null);
INSERT INTO `hm_node` VALUES ('9', '179', '324', '0', null, null, null);
INSERT INTO `hm_node` VALUES ('10', '241', '142', '2089877600', null, null, null);
INSERT INTO `hm_node` VALUES ('11', '483', '227', '2089877600', null, null, null);
INSERT INTO `hm_node` VALUES ('12', '246', '409', '2089877600', null, null, null);
INSERT INTO `hm_node` VALUES ('13', '362', '123', '2089877600', null, null, null);
INSERT INTO `hm_node` VALUES ('14', '356', '170', '1', null, null, null);
INSERT INTO `hm_node` VALUES ('15', '687', '85', '1', null, null, null);
INSERT INTO `hm_node` VALUES ('16', '586', '118', '1', null, null, null);
INSERT INTO `hm_node` VALUES ('17', '489', '147', '1', null, null, null);
INSERT INTO `hm_node` VALUES ('18', '287', '187', '1', null, null, null);
INSERT INTO `hm_node` VALUES ('19', '201', '210', '1', null, null, null);
INSERT INTO `hm_node` VALUES ('20', '151', '242', '1', null, null, null);
INSERT INTO `hm_node` VALUES ('21', '160', '280', '1', null, null, null);
INSERT INTO `hm_node` VALUES ('22', '192', '309', '1', null, null, null);
INSERT INTO `hm_node` VALUES ('23', '259', '318', '1', null, null, null);
INSERT INTO `hm_node` VALUES ('24', '364', '337', '1', null, null, null);
INSERT INTO `hm_node` VALUES ('25', '467', '361', '1', null, null, null);
INSERT INTO `hm_node` VALUES ('26', '546', '416', '1', null, null, null);
INSERT INTO `hm_node` VALUES ('27', '533', '465', '1', null, null, null);
INSERT INTO `hm_node` VALUES ('28', '464', '482', '1', null, null, null);
INSERT INTO `hm_node` VALUES ('29', '364', '482', '1', null, null, null);
INSERT INTO `hm_node` VALUES ('30', '220', '506', '1', null, null, null);
INSERT INTO `hm_node` VALUES ('31', '78', '509', '1', null, null, null);
INSERT INTO `hm_node` VALUES ('32', '293', '495', '1', null, null, null);
INSERT INTO `hm_node` VALUES ('33', '141', '512', '1', null, null, null);
INSERT INTO `hm_node` VALUES ('34', '432', '156', '1', null, null, null);
INSERT INTO `hm_node` VALUES ('35', '324', '119', '2', null, null, null);
INSERT INTO `hm_node` VALUES ('36', '511', '129', '2', null, null, null);
INSERT INTO `hm_node` VALUES ('37', '608', '130', '2', null, null, null);
INSERT INTO `hm_node` VALUES ('38', '441', '133', '2', null, null, null);
INSERT INTO `hm_node` VALUES ('39', '257', '120', '2', null, null, null);
INSERT INTO `hm_node` VALUES ('40', '143', '118', '2', null, null, null);
INSERT INTO `hm_node` VALUES ('41', '138', '176', '2', null, null, null);
INSERT INTO `hm_node` VALUES ('42', '141', '239', '2', null, null, null);
INSERT INTO `hm_node` VALUES ('43', '155', '317', '2', null, null, null);
INSERT INTO `hm_node` VALUES ('44', '159', '380', '2', null, null, null);
INSERT INTO `hm_node` VALUES ('45', '161', '457', '2', null, null, null);
INSERT INTO `hm_node` VALUES ('46', '231', '472', '2', null, null, null);
INSERT INTO `hm_node` VALUES ('47', '308', '469', '2', null, null, null);
INSERT INTO `hm_node` VALUES ('48', '355', '469', '2', null, null, null);
INSERT INTO `hm_node` VALUES ('49', '409', '468', '2', null, null, null);
INSERT INTO `hm_node` VALUES ('50', '472', '468', '2', null, null, null);
INSERT INTO `hm_node` VALUES ('51', '526', '467', '2', null, null, null);
INSERT INTO `hm_node` VALUES ('52', '589', '468', '2', null, null, null);
INSERT INTO `hm_node` VALUES ('53', '619', '464', '2', null, null, null);
INSERT INTO `hm_node` VALUES ('54', '620', '396', '2', null, null, null);
INSERT INTO `hm_node` VALUES ('55', '622', '318', '2', null, null, null);
INSERT INTO `hm_node` VALUES ('56', '620', '251', '2', null, null, null);
INSERT INTO `hm_node` VALUES ('57', '609', '199', '2', null, null, null);
INSERT INTO `hm_node` VALUES ('58', '693', '138', '0', null, null, null);
INSERT INTO `hm_node` VALUES ('59', '587', '185', '0', null, null, null);
INSERT INTO `hm_node` VALUES ('60', '528', '406', '0', null, null, null);
INSERT INTO `hm_node` VALUES ('61', '688', '465', '0', null, null, null);
INSERT INTO `hm_node` VALUES ('62', '291', '82', '0', null, null, null);
INSERT INTO `hm_node` VALUES ('63', '110', '77', '0', null, null, null);
INSERT INTO `hm_node` VALUES ('64', '218', '56', '0', null, null, null);
INSERT INTO `hm_node` VALUES ('65', '38', '148', '0', null, null, null);
INSERT INTO `hm_node` VALUES ('66', '27', '213', '0', null, null, null);
INSERT INTO `hm_node` VALUES ('67', '26', '275', '0', null, null, null);
INSERT INTO `hm_node` VALUES ('68', '29', '346', '0', null, null, null);
INSERT INTO `hm_node` VALUES ('69', '46', '406', '0', null, null, null);
INSERT INTO `hm_node` VALUES ('70', '116', '461', '0', null, null, null);
INSERT INTO `hm_node` VALUES ('71', '154', '493', '0', null, null, null);
INSERT INTO `hm_node` VALUES ('72', '235', '498', '0', null, null, null);
INSERT INTO `hm_node` VALUES ('73', '269', '457', '0', null, null, null);

-- ----------------------------
-- Table structure for `hm_streets`
-- ----------------------------
DROP TABLE IF EXISTS `hm_streets`;
CREATE TABLE `hm_streets` (
  `id` int(11) NOT NULL AUTO_INCREMENT,
  `name` varchar(255) DEFAULT NULL,
  PRIMARY KEY (`id`)
) ENGINE=InnoDB AUTO_INCREMENT=8 DEFAULT CHARSET=utf8;

-- ----------------------------
-- Records of hm_streets
-- ----------------------------
INSERT INTO `hm_streets` VALUES ('1', '. ');
INSERT INTO `hm_streets` VALUES ('2', '. ');
INSERT INTO `hm_streets` VALUES ('4', '. ');
INSERT INTO `hm_streets` VALUES ('5', '. ');
INSERT INTO `hm_streets` VALUES ('6', '. ');
INSERT INTO `hm_streets` VALUES ('7', '. ');

-- ----------------------------
-- Table structure for `hm_surface`
-- ----------------------------
DROP TABLE IF EXISTS `hm_surface`;
CREATE TABLE `hm_surface` (
  `id` int(11) NOT NULL AUTO_INCREMENT,
  `name` varchar(255) NOT NULL,
  `coef` double NOT NULL,
  PRIMARY KEY (`id`)
) ENGINE=InnoDB AUTO_INCREMENT=5 DEFAULT CHARSET=utf8;

-- ----------------------------
-- Records of hm_surface
-- ----------------------------
INSERT INTO `hm_surface` VALUES ('1', '', '600');
INSERT INTO `hm_surface` VALUES ('2', '', '20');
INSERT INTO `hm_surface` VALUES ('3', ' ', '40');
INSERT INTO `hm_surface` VALUES ('4', '  ', '40');
